<?xml version="1.0" encoding="UTF-8"?>
<GenRun Id="synth_1" LaunchPart="xc7a50ticsg324-1L" LaunchTime="1744902076">
  <File Type="PA-TCL" Name="top_level.tcl"/>
  <File Type="RDS-PROPCONSTRS" Name="top_level_drc_synth.rpt"/>
  <File Type="REPORTS-TCL" Name="top_level_reports.tcl"/>
  <File Type="RDS-RDS" Name="top_level.vds"/>
  <File Type="RDS-UTIL" Name="top_level_utilization_synth.rpt"/>
  <File Type="RDS-UTIL-PB" Name="top_level_utilization_synth.pb"/>
  <File Type="RDS-DCP" Name="top_level.dcp"/>
  <File Type="VDS-TIMINGSUMMARY" Name="top_level_timing_summary_synth.rpt"/>
  <File Type="VDS-TIMING-PB" Name="top_level_timing_summary_synth.pb"/>
  <FileSet Name="sources" Type="DesignSrcs" RelSrcDir="$PSRCDIR/sources_1" RelGenDir="$PGENDIR/sources_1">
    <Filter Type="Srcs"/>
    <File Path="$PSRCDIR/sources_1/new/bin2angle_bcd.vhd">
      <FileInfo>
        <Attr Name="UsedIn" Val="synthesis"/>
        <Attr Name="UsedIn" Val="simulation"/>
      </FileInfo>
    </File>
    <File Path="$PSRCDIR/sources_1/imports/Downloads/bin2seg.vhd">
      <FileInfo>
        <Attr Name="ImportPath" Val="$PPRDIR/../../Downloads/bin2seg.vhd"/>
        <Attr Name="ImportTime" Val="1744290893"/>
        <Attr Name="UsedIn" Val="synthesis"/>
        <Attr Name="UsedIn" Val="simulation"/>
      </FileInfo>
    </File>
    <File Path="$PSRCDIR/sources_1/imports/Downloads/clock_enable.vhd">
      <FileInfo>
        <Attr Name="ImportPath" Val="$PPRDIR/../../Downloads/clock_enable.vhd"/>
        <Attr Name="ImportTime" Val="1744290902"/>
        <Attr Name="UsedIn" Val="synthesis"/>
        <Attr Name="UsedIn" Val="simulation"/>
      </FileInfo>
    </File>
    <File Path="$PSRCDIR/sources_1/imports/Downloads/clock_enable_ratio.vhd">
      <FileInfo>
        <Attr Name="ImportPath" Val="$PPRDIR/../../Downloads/clock_enable_ratio.vhd"/>
        <Attr Name="ImportTime" Val="1744290912"/>
        <Attr Name="UsedIn" Val="synthesis"/>
        <Attr Name="UsedIn" Val="simulation"/>
      </FileInfo>
    </File>
    <File Path="$PSRCDIR/sources_1/imports/Downloads/position.vhd">
      <FileInfo>
        <Attr Name="ImportPath" Val="$PPRDIR/../../Downloads/position.vhd"/>
        <Attr Name="ImportTime" Val="1744290918"/>
        <Attr Name="UsedIn" Val="synthesis"/>
        <Attr Name="UsedIn" Val="simulation"/>
      </FileInfo>
    </File>
    <File Path="$PSRCDIR/sources_1/imports/Downloads/pwm_gen.vhd">
      <FileInfo>
        <Attr Name="ImportPath" Val="$PPRDIR/../../Downloads/pwm_gen.vhd"/>
        <Attr Name="ImportTime" Val="1744290927"/>
        <Attr Name="UsedIn" Val="synthesis"/>
        <Attr Name="UsedIn" Val="simulation"/>
      </FileInfo>
    </File>
    <File Path="$PSRCDIR/sources_1/imports/Downloads/segm_control.vhd">
      <FileInfo>
        <Attr Name="ImportPath" Val="$PPRDIR/../../Downloads/segm_control.vhd"/>
        <Attr Name="ImportTime" Val="1744291076"/>
        <Attr Name="UsedIn" Val="synthesis"/>
        <Attr Name="UsedIn" Val="simulation"/>
      </FileInfo>
    </File>
    <File Path="$PSRCDIR/sources_1/new/sign2seg.vhd">
      <FileInfo>
        <Attr Name="UsedIn" Val="synthesis"/>
        <Attr Name="UsedIn" Val="simulation"/>
      </FileInfo>
    </File>
    <File Path="$PSRCDIR/sources_1/imports/Downloads/single_servo_control.vhd">
      <FileInfo>
        <Attr Name="ImportPath" Val="$PPRDIR/../../Downloads/single_servo_control.vhd"/>
        <Attr Name="ImportTime" Val="1744291100"/>
        <Attr Name="UsedIn" Val="synthesis"/>
        <Attr Name="UsedIn" Val="simulation"/>
      </FileInfo>
    </File>
    <File Path="$PSRCDIR/sources_1/imports/Downloads/top_level.vhd">
      <FileInfo>
        <Attr Name="ImportPath" Val="$PPRDIR/../../Downloads/top_level.vhd"/>
        <Attr Name="ImportTime" Val="1744291105"/>
        <Attr Name="UsedIn" Val="synthesis"/>
        <Attr Name="UsedIn" Val="simulation"/>
      </FileInfo>
    </File>
    <File Path="$PSRCDIR/sources_1/imports/Downloads/bin2bcd.vhd">
      <FileInfo>
        <Attr Name="AutoDisabled" Val="1"/>
        <Attr Name="ImportPath" Val="$PPRDIR/../../Downloads/bin2bcd.vhd"/>
        <Attr Name="ImportTime" Val="1744290887"/>
        <Attr Name="UsedIn" Val="synthesis"/>
        <Attr Name="UsedIn" Val="simulation"/>
      </FileInfo>
    </File>
    <Config>
      <Option Name="DesignMode" Val="RTL"/>
      <Option Name="TopModule" Val="top_level"/>
      <Option Name="TopAutoSet" Val="TRUE"/>
    </Config>
  </FileSet>
  <FileSet Name="constrs_in" Type="Constrs" RelSrcDir="$PSRCDIR/constrs_1">
    <Filter Type="Constrs"/>
    <Config>
      <Option Name="ConstrsType" Val="XDC"/>
    </Config>
  </FileSet>
  <FileSet Name="utils" Type="Utils" RelSrcDir="$PSRCDIR/utils_1">
    <Filter Type="Utils"/>
    <Config>
      <Option Name="TopAutoSet" Val="TRUE"/>
    </Config>
  </FileSet>
  <Strategy Version="1" Minor="2">
    <StratHandle Name="Vivado Synthesis Defaults" Flow="Vivado Synthesis 2020"/>
    <Step Id="synth_design"/>
  </Strategy>
</GenRun>
