<?xml version="1.0" encoding="UTF-8"?>
<GenRun Id="synth_1" LaunchPart="xc7a50ticsg324-1L" LaunchTime="1744896321">
  <File Type="PA-TCL" Name="top_level.tcl"/>
  <File Type="RDS-PROPCONSTRS" Name="top_level_drc_synth.rpt"/>
  <File Type="REPORTS-TCL" Name="top_level_reports.tcl"/>
  <File Type="RDS-RDS" Name="top_level.vds"/>
  <File Type="RDS-UTIL" Name="top_level_utilization_synth.rpt"/>
  <File Type="RDS-UTIL-PB" Name="top_level_utilization_synth.pb"/>
  <File Type="RDS-DCP" Name="top_level.dcp"/>
  <File Type="VDS-TIMINGSUMMARY" Name="top_level_timing_summary_synth.rpt"/>
  <File Type="VDS-TIMING-PB" Name="top_level_timing_summary_synth.pb"/>
  <FileSet Name="sources" Type="DesignSrcs" RelSrcDir="$PSRCDIR/sources_1" RelGenDir="$PGENDIR/sources_1">
    <Filter Type="Srcs"/>
    <File Path="$PSRCDIR/sources_1/imports/sources_1/imports/design sources/PWM_generator.vhd">
      <FileInfo>
        <Attr Name="ImportPath" Val="$PPRDIR/../../Downloads/PWM_servo/PWM_servo.srcs/sources_1/imports/design sources/PWM_generator.vhd"/>
        <Attr Name="ImportTime" Val="1744834830"/>
        <Attr Name="UsedIn" Val="synthesis"/>
        <Attr Name="UsedIn" Val="simulation"/>
      </FileInfo>
    </File>
    <File Path="$PSRCDIR/sources_1/imports/sources_1/imports/design sources/single_servo_control/bin2angle_bcd.vhdl">
      <FileInfo>
        <Attr Name="ImportPath" Val="$PPRDIR/../../Downloads/PWM_servo/PWM_servo.srcs/sources_1/imports/design sources/single_servo_control/bin2angle_bcd.vhdl"/>
        <Attr Name="ImportTime" Val="1744821908"/>
        <Attr Name="UsedIn" Val="synthesis"/>
        <Attr Name="UsedIn" Val="simulation"/>
      </FileInfo>
    </File>
    <File Path="$PSRCDIR/sources_1/imports/sources_1/imports/design sources/single_servo_control/bin2seg.vhdl">
      <FileInfo>
        <Attr Name="ImportPath" Val="$PPRDIR/../../Downloads/PWM_servo/PWM_servo.srcs/sources_1/imports/design sources/single_servo_control/bin2seg.vhdl"/>
        <Attr Name="ImportTime" Val="1744821908"/>
        <Attr Name="UsedIn" Val="synthesis"/>
        <Attr Name="UsedIn" Val="simulation"/>
      </FileInfo>
    </File>
    <File Path="$PSRCDIR/sources_1/imports/sources_1/new/button_debouncer.vhd">
      <FileInfo>
        <Attr Name="ImportPath" Val="$PPRDIR/../../Downloads/PWM_servo/PWM_servo.srcs/sources_1/new/button_debouncer.vhd"/>
        <Attr Name="ImportTime" Val="1744823189"/>
        <Attr Name="UsedIn" Val="synthesis"/>
        <Attr Name="UsedIn" Val="simulation"/>
      </FileInfo>
    </File>
    <File Path="$PSRCDIR/sources_1/imports/sources_1/imports/design sources/clock_enable_sw.vhd">
      <FileInfo>
        <Attr Name="ImportPath" Val="$PPRDIR/../../Downloads/PWM_servo/PWM_servo.srcs/sources_1/imports/design sources/clock_enable_sw.vhd"/>
        <Attr Name="ImportTime" Val="1744821908"/>
        <Attr Name="UsedIn" Val="synthesis"/>
        <Attr Name="UsedIn" Val="simulation"/>
      </FileInfo>
    </File>
    <File Path="$PSRCDIR/sources_1/new/position.vhd">
      <FileInfo>
        <Attr Name="UsedIn" Val="synthesis"/>
        <Attr Name="UsedIn" Val="simulation"/>
      </FileInfo>
    </File>
    <File Path="$PSRCDIR/sources_1/imports/sources_1/new/segment_contr.vhd">
      <FileInfo>
        <Attr Name="ImportPath" Val="$PPRDIR/../../Downloads/PWM_servo/PWM_servo.srcs/sources_1/new/segment_contr.vhd"/>
        <Attr Name="ImportTime" Val="1744830065"/>
        <Attr Name="UsedIn" Val="synthesis"/>
        <Attr Name="UsedIn" Val="simulation"/>
      </FileInfo>
    </File>
    <File Path="$PSRCDIR/sources_1/imports/sources_1/imports/design sources/single_servo_control/sign2seg.vhdl">
      <FileInfo>
        <Attr Name="ImportPath" Val="$PPRDIR/../../Downloads/PWM_servo/PWM_servo.srcs/sources_1/imports/design sources/single_servo_control/sign2seg.vhdl"/>
        <Attr Name="ImportTime" Val="1744821908"/>
        <Attr Name="UsedIn" Val="synthesis"/>
        <Attr Name="UsedIn" Val="simulation"/>
      </FileInfo>
    </File>
    <File Path="$PSRCDIR/sources_1/imports/sources_1/imports/single_servo_control/single_servo_control.vhdl">
      <FileInfo>
        <Attr Name="ImportPath" Val="$PPRDIR/../../Downloads/PWM_servo/PWM_servo.srcs/sources_1/imports/single_servo_control/single_servo_control.vhdl"/>
        <Attr Name="ImportTime" Val="1744821908"/>
        <Attr Name="UsedIn" Val="synthesis"/>
        <Attr Name="UsedIn" Val="simulation"/>
      </FileInfo>
    </File>
    <File Path="$PSRCDIR/sources_1/imports/sources_1/imports/design sources/top_level.vhd">
      <FileInfo>
        <Attr Name="ImportPath" Val="$PPRDIR/../../Downloads/PWM_servo/PWM_servo.srcs/sources_1/imports/design sources/top_level.vhd"/>
        <Attr Name="ImportTime" Val="1744834011"/>
        <Attr Name="UsedIn" Val="synthesis"/>
        <Attr Name="UsedIn" Val="simulation"/>
      </FileInfo>
    </File>
    <Config>
      <Option Name="DesignMode" Val="RTL"/>
      <Option Name="TopModule" Val="top_level"/>
      <Option Name="TopAutoSet" Val="TRUE"/>
    </Config>
  </FileSet>
  <FileSet Name="constrs_in" Type="Constrs" RelSrcDir="$PSRCDIR/constrs_1">
    <Filter Type="Constrs"/>
    <File Path="$PSRCDIR/constrs_1/imports/constraints/Nexys-A7-50T-Master.xdc">
      <FileInfo>
        <Attr Name="ImportPath" Val="$PPRDIR/../../Downloads/PWM_servo/PWM_servo.srcs/constrs_1/imports/constraints/Nexys-A7-50T-Master.xdc"/>
        <Attr Name="ImportTime" Val="1744829421"/>
        <Attr Name="UsedIn" Val="synthesis"/>
        <Attr Name="UsedIn" Val="implementation"/>
      </FileInfo>
    </File>
    <Config>
      <Option Name="ConstrsType" Val="XDC"/>
    </Config>
  </FileSet>
  <FileSet Name="utils" Type="Utils" RelSrcDir="$PSRCDIR/utils_1">
    <Filter Type="Utils"/>
    <Config>
      <Option Name="TopAutoSet" Val="TRUE"/>
    </Config>
  </FileSet>
  <Strategy Version="1" Minor="2">
    <StratHandle Name="Vivado Synthesis Defaults" Flow="Vivado Synthesis 2020">
      <Desc>Vivado Synthesis Defaults</Desc>
    </StratHandle>
    <Step Id="synth_design"/>
  </Strategy>
</GenRun>
